path,kind,bytes,sha256,privacy_check,interpretation
TaskB-B2Piper/videos/task_b_release55_delta015_eval_preview.mp4,video,1912007,0f8fd162bcf2d76e35a9971e615a51c8b157b1056a4807b299d6c0ef9ac5c599,passed,10s evaluation preview; not official score proof
TaskB-B2Piper/videos/task_b_sm_delta020_envcam_all.mp4,video,475520,ef4d7683fb6d7c030b16fadd5d3a8bb1fbe78a8288a1aed86d2def2e28ad9a93,passed,third-person debug view
TaskB-B2Piper/videos/task_b_sm_delta020_envcam_all_labeled.mp4,video,570682,e039d056871862ff3548aca333a932aec3fff6d7970c6d2741b21588b51c9149,passed,labeled three-view debug preview
TaskB-B2Piper/videos/task_b_sm_delta020_envcam_all_v2.mp4,video,559845,a85f150f494dddfebebda167c1e8d60c2bfbfec327d0d03aae50dd3520064f78,passed,third-person debug view variant
TaskB-B2Piper/videos/task_b_sm_delta020_success_preview.mp4,video,925972,12a76f3fd88d756248279530e9066ab80c8142b6dad9da2abb162ca53bc0ae11,passed,success-named local preview; not physical placement proof
TaskB-B2Piper/frames/task_b_global_debug_screenshot.png,image,418546,a9a6002653251006fe0389814585eace2328a2dce42a3b637972b67a6ca6bc5a,passed,privileged top-down debug screenshot
TaskB-B2Piper/frames/task_b_sm_delta020_envcam_all_frame10.png,image,314357,4e09fd79033bdd9cec0629da3a9d74a6a1eb95286fc8636dad333f8cd48dc79e,passed,three-view frame
TaskB-B2Piper/frames/task_b_sm_delta020_envcam_all_labeled_frame10.png,image,319186,cd2afe925fd44d8542af8a7bf4cf878841f118a7ce96338a2c762d764edda217,passed,labeled three-view frame
TaskB-B2Piper/frames/task_b_sm_delta020_envcam_all_v2_frame10.png,image,314028,0437c0d3868efdcd8fa432e891a86d32744892855801808d528cab296214c838,passed,three-view frame variant
